{"cameraMode":{"drawMode":0,"name":"Shaded","section":"Shading Mode"},"sceneLighting":true,"audioPlay":false,"sceneViewState":{"showFog":false,"showMaterialUpdate":false,"showSkybox":false,"showFlares":false,"showImageEffects":false,"showParticleSystems":false},"in2DMode":false,"pivot":{"x":2.6339871883392336,"y":-0.7591598033905029,"z":0.4239000380039215},"rotation":{"x":0.10456760972738266,"y":0.6578744053840637,"z":-0.09219267219305039,"w":0.7405937910079956},"size":3.3796794414520265,"orthographic":false}