{"cameraMode":{"drawMode":0,"name":"Shaded","section":"Shading Mode"},"sceneLighting":false,"audioPlay":false,"sceneViewState":{"showFog":false,"showMaterialUpdate":false,"showSkybox":false,"showFlares":false,"showImageEffects":false,"showParticleSystems":false},"in2DMode":false,"pivot":{"x":0.27900001406669619,"y":1.1059999465942383,"z":0.3720000088214874},"rotation":{"x":-0.1287911832332611,"y":-0.8413954973220825,"z":0.22960491478443147,"w":-0.4719742238521576},"size":1.8688139915466309,"orthographic":true}