{"cameraMode":{"drawMode":0,"name":"Shaded","section":"Shading Mode"},"sceneLighting":false,"audioPlay":false,"sceneViewState":{"showFog":false,"showMaterialUpdate":false,"showSkybox":false,"showFlares":false,"showImageEffects":false,"showParticleSystems":false},"in2DMode":false,"pivot":{"x":-7.693689346313477,"y":-2.322483539581299,"z":6.476844787597656},"rotation":{"x":-0.12504930794239045,"y":0.24206824600696565,"z":-0.03147672116756439,"w":-0.961657702922821},"size":25.802898406982423,"orthographic":false}